{
  "globals": {
    "ANIMATION_PLAY_EVENT": true,
    "ANIMATION_STOP_ALL_EVENT": true,
    "ANIMATION_STOP_EVENT": true,
    "Action": true,
    "ApiError": true,
    "Autoplay": true,
    "Category": true,
    "Component": true,
    "ComponentPublicInstance": true,
    "ComputedRef": true,
    "Currency": true,
    "Data": true,
    "DepositScreenName": true,
    "DirectiveBinding": true,
    "EffectScope": true,
    "ExtractDefaultPropTypes": true,
    "ExtractPropTypes": true,
    "ExtractPublicPropTypes": true,
    "FatTile": true,
    "Game": true,
    "GameBigWinData": true,
    "GameBigWinItem": true,
    "GameCategoryName": true,
    "GameEnterBody": true,
    "GameEnterResponse": true,
    "GameHistoryItem": true,
    "GameHistoryResponse": true,
    "GameItem": true,
    "GameListResponse": true,
    "GamePlatformSpinResultDetails": true,
    "GameProvider": true,
    "GameSearchResponse": true,
    "GameSession": true,
    "GameSpin": true,
    "GameType": true,
    "GameUserBody": true,
    "GetGameBigWinResponse": true,
    "GetGameCategoriesResponse": true,
    "GetGameEnterResponse": true,
    "GetGameFavoriteListResponse": true,
    "GetGameHistoryResponse": true,
    "GetGameSearchResponse": true,
    "IEventManagerService": true,
    "IN_BROWSER": true,
    "INotificationStore": true,
    "InjectionKey": true,
    "InstantWin": true,
    "LaunchGameResponseDto": true,
    "Limits": true,
    "MaybeRef": true,
    "MaybeRefOrGetter": true,
    "Notification": true,
    "Options": true,
    "PropType": true,
    "ProviderSettingsResponseData": true,
    "ProviderSpinResponseData": true,
    "RTGSettingsRequestDto": true,
    "RTGSettingsResponseDto": true,
    "RTGSpinRequestDto": true,
    "RTGSpinResponseDto": true,
    "RawGameSpinBody": true,
    "Ref": true,
    "RtgGame": true,
    "RtgSettingsBalance": true,
    "RtgSpinResult": true,
    "RtgSpins": true,
    "SSROptions": true,
    "Search": true,
    "Slot": true,
    "Slots": true,
    "Stakes": true,
    "StopOnFeature": true,
    "StopOnLossLimits": true,
    "StopOnWin": true,
    "SubscribeToGeneralTournaments": true,
    "SubscribeToTournamentTopic": true,
    "SubscribeToTournamentTopicPayload": true,
    "Todo": true,
    "TotalStake": true,
    "TournamentStatus": true,
    "Transactions": true,
    "UnsubscribeFromGeneralTournaments": true,
    "UnsubscribeFromTournamentTopic": true,
    "UnsubscribeFromTournamentTopicPayload": true,
    "VNode": true,
    "Win": true,
    "WritableComputedRef": true,
    "WsMessage": true,
    "acceptHMRUpdate": true,
    "asyncComputed": true,
    "authClient": true,
    "autoResetRef": true,
    "computed": true,
    "computedAsync": true,
    "computedEager": true,
    "computedInject": true,
    "computedWithControl": true,
    "controlledComputed": true,
    "controlledRef": true,
    "createApp": true,
    "createEventHook": true,
    "createGlobalState": true,
    "createInjectionState": true,
    "createPinia": true,
    "createReactiveFn": true,
    "createRef": true,
    "createReusableTemplate": true,
    "createSharedComposable": true,
    "createTemplatePromise": true,
    "createUnrefFn": true,
    "customRef": true,
    "debouncedRef": true,
    "debouncedWatch": true,
    "defineAsyncComponent": true,
    "defineComponent": true,
    "defineStore": true,
    "eagerComputed": true,
    "effectScope": true,
    "eventobject": true,
    "extendRef": true,
    "getActivePinia": true,
    "getCurrentInstance": true,
    "getCurrentScope": true,
    "h": true,
    "handleException": true,
    "hydrateStores": true,
    "ignorableWatch": true,
    "inject": true,
    "injectLocal": true,
    "isDefined": true,
    "isProxy": true,
    "isReactive": true,
    "isReadonly": true,
    "isRef": true,
    "makeDestructurable": true,
    "mapActions": true,
    "mapGetters": true,
    "mapState": true,
    "mapStores": true,
    "mapWritableState": true,
    "markRaw": true,
    "messageSchema": true,
    "models": true,
    "nextTick": true,
    "onActivated": true,
    "onBeforeMount": true,
    "onBeforeRouteLeave": true,
    "onBeforeRouteUpdate": true,
    "onBeforeUnmount": true,
    "onBeforeUpdate": true,
    "onClickOutside": true,
    "onDeactivated": true,
    "onElementRemoval": true,
    "onErrorCaptured": true,
    "onKeyStroke": true,
    "onLongPress": true,
    "onMounted": true,
    "onRenderTracked": true,
    "onRenderTriggered": true,
    "onScopeDispose": true,
    "onServerPrefetch": true,
    "onStartTyping": true,
    "onUnmounted": true,
    "onUpdated": true,
    "onWatcherCleanup": true,
    "pausableWatch": true,
    "provide": true,
    "provideLocal": true,
    "reactify": true,
    "reactifyObject": true,
    "reactive": true,
    "reactiveComputed": true,
    "reactiveOmit": true,
    "reactivePick": true,
    "readonly": true,
    "ref": true,
    "refAutoReset": true,
    "refDebounced": true,
    "refDefault": true,
    "refThrottled": true,
    "refWithControl": true,
    "resetAllStores": true,
    "resolveComponent": true,
    "resolveRef": true,
    "resolveUnref": true,
    "setActivePinia": true,
    "setMapStoreSuffix": true,
    "setupStore": true,
    "shallowReactive": true,
    "shallowReadonly": true,
    "shallowRef": true,
    "startSubscriptions": true,
    "store": true,
    "storeToRefs": true,
    "syncRef": true,
    "syncRefs": true,
    "templateRef": true,
    "throttledRef": true,
    "throttledWatch": true,
    "toRaw": true,
    "toReactive": true,
    "toRef": true,
    "toRefs": true,
    "toValue": true,
    "triggerRef": true,
    "tryOnBeforeMount": true,
    "tryOnBeforeUnmount": true,
    "tryOnMounted": true,
    "tryOnScopeDispose": true,
    "tryOnUnmounted": true,
    "unref": true,
    "unrefElement": true,
    "until": true,
    "useActiveElement": true,
    "useAnimate": true,
    "useAnimationController": true,
    "useApiClient": true,
    "useAppBarStore": true,
    "useAppWebSocket": true,
    "useArrayDifference": true,
    "useArrayEvery": true,
    "useArrayFilter": true,
    "useArrayFind": true,
    "useArrayFindIndex": true,
    "useArrayFindLast": true,
    "useArrayIncludes": true,
    "useArrayJoin": true,
    "useArrayMap": true,
    "useArrayReduce": true,
    "useArraySome": true,
    "useArrayUnique": true,
    "useAsyncQueue": true,
    "useAsyncState": true,
    "useAttrs": true,
    "useAuthClient": true,
    "useAuthStore": true,
    "useBase64": true,
    "useBattery": true,
    "useBluetooth": true,
    "useBreakpoints": true,
    "useBroadcastChannel": true,
    "useBrowserLocation": true,
    "useCached": true,
    "useClipboard": true,
    "useClipboardItems": true,
    "useCloned": true,
    "useColorMode": true,
    "useConfirmDialog": true,
    "useCountdown": true,
    "useCounter": true,
    "useCssModule": true,
    "useCssVar": true,
    "useCssVars": true,
    "useCurrentElement": true,
    "useCycleList": true,
    "useDark": true,
    "useDateFormat": true,
    "useDebounce": true,
    "useDebounceFn": true,
    "useDebouncedRefHistory": true,
    "useDeviceMotion": true,
    "useDeviceOrientation": true,
    "useDevicePixelRatio": true,
    "useDevicesList": true,
    "useDisplay": true,
    "useDisplayMedia": true,
    "useDocumentVisibility": true,
    "useDraggable": true,
    "useDropZone": true,
    "useElementBounding": true,
    "useElementByPoint": true,
    "useElementHover": true,
    "useElementSize": true,
    "useElementVisibility": true,
    "useEventBus": true,
    "useEventListener": true,
    "useEventManager": true,
    "useEventSource": true,
    "useEyeDropper": true,
    "useFavicon": true,
    "useFetch": true,
    "useFileDialog": true,
    "useFileSystemAccess": true,
    "useFocus": true,
    "useFocusWithin": true,
    "useFps": true,
    "useFullscreen": true,
    "useGameStore": true,
    "useGamepad": true,
    "useGeolocation": true,
    "useId": true,
    "useIdle": true,
    "useImage": true,
    "useImageLoadingStore": true,
    "useInfiniteScroll": true,
    "useIntersectionObserver": true,
    "useInterval": true,
    "useIntervalFn": true,
    "useKeyModifier": true,
    "useLastChanged": true,
    "useLink": true,
    "useLoading": true,
    "useLocalStorage": true,
    "useMagicKeys": true,
    "useManualRefHistory": true,
    "useMediaControls": true,
    "useMediaQuery": true,
    "useMemoize": true,
    "useMemory": true,
    "useModel": true,
    "useMonitor": true,
    "useMounted": true,
    "useMouse": true,
    "useMouseInElement": true,
    "useMousePressed": true,
    "useMutationObserver": true,
    "useNavigatorLanguage": true,
    "useNetwork": true,
    "useNotificationStore": true,
    "useNow": true,
    "useObjectUrl": true,
    "useOffsetPagination": true,
    "useOnline": true,
    "usePageLeave": true,
    "useParallax": true,
    "useParentElement": true,
    "usePerformanceObserver": true,
    "usePermission": true,
    "usePointer": true,
    "usePointerLock": true,
    "usePointerSwipe": true,
    "usePreferredColorScheme": true,
    "usePreferredContrast": true,
    "usePreferredDark": true,
    "usePreferredLanguages": true,
    "usePreferredReducedMotion": true,
    "usePreferredReducedTransparency": true,
    "usePrevious": true,
    "useRafFn": true,
    "useRefHistory": true,
    "useResizeObserver": true,
    "useRoute": true,
    "useRouter": true,
    "useSSRWidth": true,
    "useScreenOrientation": true,
    "useScreenSafeArea": true,
    "useScriptTag": true,
    "useScroll": true,
    "useScrollLock": true,
    "useSessionStorage": true,
    "useShare": true,
    "useSlots": true,
    "useSocketStore": true,
    "useSorted": true,
    "useSpeechRecognition": true,
    "useSpeechSynthesis": true,
    "useStepper": true,
    "useStorage": true,
    "useStorageAsync": true,
    "useStyleTag": true,
    "useSupported": true,
    "useSwipe": true,
    "useTemplateRef": true,
    "useTemplateRefsList": true,
    "useTextDirection": true,
    "useTextSelection": true,
    "useTextareaAutosize": true,
    "useThrottle": true,
    "useThrottleFn": true,
    "useThrottledRefHistory": true,
    "useTimeAgo": true,
    "useTimeout": true,
    "useTimeoutFn": true,
    "useTimeoutPoll": true,
    "useTimestamp": true,
    "useTitle": true,
    "useToNumber": true,
    "useToString": true,
    "useToggle": true,
    "useTournamentStore": true,
    "useTransactionStore": true,
    "useTransition": true,
    "useUrlSearchParams": true,
    "useUserMedia": true,
    "useUserStore": true,
    "useVModel": true,
    "useVModels": true,
    "useVibrate": true,
    "useVipStore": true,
    "useVirtualList": true,
    "useWakeLock": true,
    "useWebNotification": true,
    "useWebSocket": true,
    "useWebWorker": true,
    "useWebWorkerFn": true,
    "useWindowFocus": true,
    "useWindowScroll": true,
    "useWindowSize": true,
    "watch": true,
    "watchArray": true,
    "watchAtMost": true,
    "watchDebounced": true,
    "watchDeep": true,
    "watchEffect": true,
    "watchIgnorable": true,
    "watchImmediate": true,
    "watchOnce": true,
    "watchPausable": true,
    "watchPostEffect": true,
    "watchSyncEffect": true,
    "watchThrottled": true,
    "watchTriggerable": true,
    "watchWithFilter": true,
    "whenever": true
  }
}
